image,idx,digit,f1_area_ratio,f2_rect_fill_ratio,f3_bbox_aspect,f4_holes,f5_euler,f6_compactness_p2_over_a,f7_sym_left_right,f8_sym_up_down,f9_thickness_norm,f10_proj_row_over_col,f11_hu1_log,f12_hu2_log,f13_hu3_log,f14_hu4_log
im1,0,8,0.04056122526526451,0.49074074625968933,1.0,2.0,-1.0,36.32704544067383,0.3589743673801422,0.32499998807907104,0.22486424446105957,1.0714284181594849,-0.5991525053977966,-1.7350873947143555,-3.623353958129883,-4.1323323249816895
im1,1,5,0.026530612260103226,0.4126984179019928,0.5714285969734192,0.0,1.0,41.88461685180664,0.2235294133424759,0.3248407542705536,0.24259816110134125,0.8461537957191467,-0.37109464406967163,-1.1417986154556274,-1.8049455881118774,-2.0029499530792236
im1,2,7,0.021173469722270966,0.3192307651042938,0.6499999761581421,0.0,1.0,35.132530212402344,0.38333332538604736,0.18571428954601288,0.2742396295070648,1.2999998331069946,-0.2997308373451233,-0.9668386578559875,-1.0548832416534424,-1.5601657629013062
im1,3,2,0.03035714291036129,0.31481480598449707,0.8571428656578064,1.0,0.0,53.78151321411133,0.1782178282737732,0.17241379618644714,0.22032442688941956,1.2999998331069946,-0.22901950776576996,-0.7303529381752014,-2.173969030380249,-2.914071559906006
im1,4,7,0.0346938781440258,0.3636363744735718,0.7727272510528564,1.0,0.0,34.0,0.3668341636657715,0.20353981852531433,0.24659354984760284,1.230769157409668,-0.38732436299324036,-1.2173563241958618,-1.4064772129058838,-2.1330127716064453
im10,0,5,0.02500000037252903,0.3034055829048157,1.1176470518112183,0.0,1.0,41.79591751098633,0.21739129722118378,0.1878787875175476,0.24121128022670746,0.8333332538604736,-0.3779164254665375,-1.07333505153656,-2.86737322807312,-3.9857075214385986
im10,1,4,0.033673468977212906,0.523809552192688,0.7777777910232544,2.0,-1.0,29.121212005615234,0.5,0.517241358757019,0.2558121979236603,0.7999999523162842,-0.6562241315841675,-2.082350254058838,-2.8680949211120605,-4.023202896118164
im10,2,6,0.03214285895228386,0.4038461446762085,0.5416666865348816,1.0,0.0,48.28571319580078,0.4157303273677826,0.17757008969783783,0.2318197786808014,0.9230768084526062,-0.44957444071769714,-1.3234200477600098,-1.8995821475982666,-2.2362701892852783
im10,3,5,0.035969387739896774,0.530075192451477,0.7368420958518982,0.0,1.0,51.24113464355469,0.5666666626930237,0.4029850661754608,0.22021229565143585,0.928571343421936,-0.4608784317970276,-1.7071179151535034,-4.086297512054443,-3.8995635509490967
im10,4,9,0.03341836854815483,0.49248120188713074,0.7368420958518982,1.0,0.0,51.328243255615234,0.4555555582046509,0.43169400095939636,0.2172902524471283,0.7999999523162842,-0.48075610399246216,-1.9145793914794922,-2.51857328414917,-3.4807050228118896
im2,0,8,0.04183673486113548,0.5359477400779724,0.9444444179534912,2.0,-1.0,40.00609588623047,0.35537189245224,0.3442623019218445,0.22145971655845642,0.8666665554046631,-0.605705201625824,-1.8048278093338013,-4.025299549102783,-4.460359573364258
im2,1,5,0.044897958636283875,0.39909297227859497,1.0,0.0,1.0,49.14204406738281,0.2616487443447113,0.22648084163665771,0.20781627297401428,1.1428569555282593,-0.45763012766838074,-1.5300219058990479,-2.6030306816101074,-3.783761978149414
im2,2,4,0.03137755021452904,0.38080495595932007,0.8947368264198303,1.0,0.0,33.300811767578125,0.45562130212783813,0.39772728085517883,0.24714010953903198,0.9999999403953552,-0.608874499797821,-2.128340721130371,-2.7433013916015625,-4.174191951751709
im2,3,9,0.03316326439380646,0.4887218177318573,0.7368420958518982,1.0,0.0,34.53076934814453,0.4285714328289032,0.34020617604255676,0.24321554601192474,0.7499999403953552,-0.5892676711082458,-2.3995509147644043,-2.2956533432006836,-3.5646800994873047
im2,4,1,0.015051020309329033,0.32777777314186096,0.800000011920929,0.0,1.0,21.966102600097656,0.1568627506494522,0.12380952388048172,0.32414510846138,1.1428570747375488,-0.3611602187156677,-0.824301540851593,-2.2079405784606934,-2.6248068809509277
im3,0,3,0.026020407676696777,0.42500001192092896,0.9375,0.0,1.0,56.6274528503418,0.2142857164144516,0.20000000298023224,0.22121278941631317,0.8333332538604736,-0.4432315230369568,-1.5024796724319458,-2.982881546020508,-3.277383327484131
im3,1,6,0.03520408272743225,0.4058823585510254,0.8500000238418579,1.0,0.0,51.130435943603516,0.2545454502105713,0.18965516984462738,0.21520157158374786,1.0909090042114258,-0.46911418437957764,-1.4095721244812012,-2.5822525024414062,-3.1692192554473877
im3,2,1,0.02270408160984516,0.390350878238678,0.6315789222717285,0.0,1.0,24.82022476196289,0.20270270109176636,0.21917808055877686,0.29816386103630066,0.5333333015441895,-0.36135995388031006,-0.831980288028717,-2.168644905090332,-2.6969590187072754
im3,3,4,0.02806122414767742,0.34375,0.800000011920929,0.0,1.0,30.581817626953125,0.39240506291389465,0.44736841320991516,0.27388983964920044,0.882352888584137,-0.570366621017456,-2.2367372512817383,-2.6503098011016846,-4.040584564208984
im3,4,2,0.037244897335767746,0.4424242377281189,0.6818181872367859,0.0,1.0,42.74657440185547,0.3581395447254181,0.29203540086746216,0.2230406254529953,0.8749999403953552,-0.3580665588378906,-1.190696358680725,-2.817187786102295,-3.453416347503662
im4,0,8,0.05765306204557419,0.6550724506378174,0.6521739363670349,2.0,-1.0,36.64159393310547,0.7865612506866455,0.6992481350898743,0.20651187002658844,0.6999999284744263,-0.6129412055015564,-2.0007545948028564,-4.89809513092041,-5.026671409606934
im4,1,5,0.05637755244970322,0.6005434989929199,0.695652186870575,0.0,1.0,44.34841537475586,0.625,0.47333332896232605,0.20459102094173431,0.7368420362472534,-0.5345283150672913,-1.7512463331222534,-4.11492395401001,-4.030722141265869
im4,2,5,0.033673468977212906,0.38823530077934265,0.8500000238418579,0.0,1.0,32.00757598876953,0.375,0.2222222238779068,0.25447678565979004,0.8571428060531616,-0.4688550531864166,-1.2171355485916138,-1.9768239259719849,-2.377016305923462
im4,3,9,0.024234693497419357,0.4523809552192688,0.9333333373069763,1.0,0.0,40.463157653808594,0.37681159377098083,0.3194444477558136,0.2501678764820099,0.9999998807907104,-0.5693333148956299,-1.7684015035629272,-2.7730870246887207,-3.573958158493042
im4,4,9,0.03622448816895485,0.45079365372657776,0.7142857313156128,2.0,-1.0,30.676055908203125,0.4791666567325592,0.3333333432674408,0.25304388999938965,0.5499999523162842,-0.5499140024185181,-1.57882559299469,-2.0783863067626953,-2.6654107570648193
im5,0,4,0.03265305981040001,0.5378151535987854,0.8235294222831726,2.0,-1.0,26.28125,0.5421686768531799,0.5147929191589355,0.2605920135974884,0.9999998807907104,-0.6594322919845581,-2.1466689109802246,-2.8799352645874023,-4.143082141876221
im5,1,1,0.01403061207383871,0.7051281929016113,0.4615384638309479,0.0,1.0,15.290908813476562,0.6666666865348816,0.692307710647583,0.3759446144104004,0.4999999701976776,-0.5918620228767395,-1.447379469871521,-4.628391265869141,-5.953990936279297
im5,2,8,0.03801020234823227,0.5228070020675659,0.7894737124443054,3.0,-2.0,34.79194641113281,0.3545454442501068,0.3607305884361267,0.2311626523733139,0.8571427464485168,-0.5839205384254456,-1.5927404165267944,-4.190310001373291,-4.430660247802734
im5,3,8,0.04158163443207741,0.6127819418907166,0.7368420958518982,2.0,-1.0,44.32515335083008,0.582524299621582,0.8111110925674438,0.21022987365722656,0.7777777314186096,-0.5741937160491943,-2.0042686462402344,-3.7061879634857178,-5.249431610107422
im5,4,9,0.03698979690670967,0.5069929957389832,0.5909090638160706,1.0,0.0,30.041379928588867,0.5508021116256714,0.34259259700775146,0.2550511360168457,0.5714285373687744,-0.5493177771568298,-1.528405785560608,-2.0392072200775146,-2.5264830589294434
im6,0,8,0.049234695732593536,0.5676470398902893,0.8500000238418579,2.0,-1.0,45.78238296508789,0.5196850299835205,0.4296296238899231,0.2056272029876709,0.666666567325592,-0.5725241899490356,-2.0962116718292236,-3.432952642440796,-4.024365425109863
im6,1,5,0.021173469722270966,0.2881944477558136,0.8888888955116272,0.0,1.0,44.83132553100586,0.18571428954601288,0.18571428954601288,0.2535514235496521,0.7999999523162842,-0.3243899941444397,-0.8733049035072327,-3.2944540977478027,-3.788644790649414
im6,2,2,0.02857142873108387,0.47863247990608215,0.7222222089767456,0.0,1.0,33.22321319580078,0.4000000059604645,0.43589743971824646,0.2505326569080353,0.8571428060531616,-0.5020205974578857,-1.6744976043701172,-2.73071026802063,-5.213695526123047
im6,3,8,0.0346938781440258,0.5964912176132202,0.6315789222717285,2.0,-1.0,42.47058868408203,0.7894737124443054,0.699999988079071,0.22263970971107483,0.5882352590560913,-0.5674166679382324,-1.8086094856262207,-3.8148229122161865,-4.778929233551025
im6,4,9,0.029591836035251617,0.5021644830703735,0.523809552192688,1.0,0.0,39.86206817626953,0.6338028311729431,0.2677595615386963,0.2332829236984253,0.6428570747375488,-0.4693087339401245,-1.4238897562026978,-2.3347535133361816,-3.141800880432129
im7,0,6,0.04056122526526451,0.5299999713897705,0.75,1.0,0.0,43.32704544067383,0.5,0.4722222089767456,0.22699935734272003,0.8749999403953552,-0.5623212456703186,-2.1262848377227783,-2.8781275749206543,-3.675443172454834
im7,1,4,0.042602039873600006,0.5154321193695068,1.0,1.0,0.0,24.526947021484375,0.3801652789115906,0.3916666805744171,0.25852343440055847,1.153846025466919,-0.6569961309432983,-1.9188063144683838,-2.870797634124756,-3.7678139209747314
im7,2,0,0.025510204955935478,0.37593984603881836,0.7368420958518982,1.0,0.0,70.55999755859375,0.25,0.25,0.2144264131784439,0.6666666269302368,-0.29015785455703735,-1.2622445821762085,-4.032899379730225,-4.4171953201293945
im7,3,9,0.04642857238650322,0.5515151619911194,0.6818181872367859,1.0,0.0,34.29121017456055,0.6177777647972107,0.4560000002384186,0.22643090784549713,0.7222221493721008,-0.5763814449310303,-1.9474401473999023,-2.7147045135498047,-3.6612794399261475
im7,4,0,0.03494897857308388,0.422839492559433,1.0,1.0,0.0,44.40876007080078,0.2017543911933899,0.19130434095859528,0.22050093114376068,0.916666567325592,-0.4393705427646637,-1.4188634157180786,-4.0527119636535645,-5.020836353302002
im8,0,9,0.031122449785470963,0.4236111044883728,0.8888888955116272,1.0,0.0,34.63114929199219,0.2978723347187042,0.25773194432258606,0.24048006534576416,0.8333332538604736,-0.5284651517868042,-1.4653204679489136,-2.8012375831604004,-3.8189077377319336
im8,1,3,0.03265305981040001,0.501960813999176,0.8823529481887817,1.0,0.0,40.5,0.3617021143436432,0.42222222685813904,0.23682546615600586,0.8571428060531616,-0.5659409761428833,-1.6745243072509766,-3.1227657794952393,-3.9875972270965576
im8,2,5,0.04285714402794838,0.42424243688583374,0.8181818127632141,0.0,1.0,43.005950927734375,0.3440000116825104,0.3333333432674408,0.21722644567489624,0.8666665554046631,-0.4548940658569336,-1.4349442720413208,-3.0663652420043945,-3.5734806060791016
im8,3,3,0.030612245202064514,0.4858299493789673,0.6842105388641357,0.0,1.0,36.29999923706055,0.46341463923454285,0.48148149251937866,0.24798515439033508,0.7058823108673096,-0.4487229883670807,-1.334792137145996,-2.1984996795654297,-3.0740222930908203
im8,4,1,0.021173469722270966,0.41499999165534973,0.5,0.0,1.0,24.39759063720703,0.23880596458911896,0.296875,0.30212557315826416,0.4999999701976776,-0.35419273376464844,-0.8289380669593811,-1.9838309288024902,-2.4646646976470947
im9,0,3,0.027295919135212898,0.5095238089561462,0.9333333373069763,0.0,1.0,27.252336502075195,0.32098764181137085,0.44594594836235046,0.2764827013015747,0.916666567325592,-0.5519819259643555,-1.6983654499053955,-2.5729475021362305,-2.997812271118164
im9,1,2,0.02908163331449032,0.5066666603088379,1.0,1.0,0.0,48.03508758544922,0.3255814015865326,0.2808988690376282,0.235555499792099,1.0909090042114258,-0.5524027943611145,-1.7043315172195435,-3.5286312103271484,-4.318769931793213
im9,2,3,0.022448979318141937,0.38596490025520325,0.6315789222717285,0.0,1.0,35.6363639831543,0.35384616255760193,0.3643410801887512,0.2640599310398102,0.8333332538604736,-0.39898449182510376,-1.262522578239441,-1.5676542520523071,-1.9254554510116577
im9,3,5,0.0262755099684,0.4681818187236786,0.550000011920929,0.0,1.0,46.22330093383789,0.31210190057754517,0.2261904776096344,0.24194300174713135,0.8333332538604736,-0.39302653074264526,-1.2446492910385132,-2.5813910961151123,-2.6946535110473633
im9,4,0,0.025510204955935478,0.4385964870452881,0.6315789222717285,1.0,0.0,64.0,0.28205129504203796,0.2738853394985199,0.2224263995885849,0.6666666269302368,-0.3522748053073883,-1.2931571006774902,-4.405200481414795,-3.716043472290039
